{
  "id": "8db92f0a-a23b-4f3d-a710-fedb442e6b0b",
  "name": "Hometown",
  "auto": true,
  "contexts": [],
  "userSays": [
    {
      "id": "071ec388-ff91-46a5-8c97-4e70ac6952cc",
      "data": [
        {
          "text": "Where is "
        },
        {
          "text": "Jared",
          "alias": "first-name",
          "meta": "@sys.given-name",
          "userDefined": false
        },
        {
          "text": " "
        },
        {
          "text": "Alexander",
          "alias": "last-name",
          "meta": "@sys.last-name",
          "userDefined": true
        },
        {
          "text": " from?"
        }
      ],
      "isTemplate": false,
      "count": 0
    },
    {
      "id": "3f3aa291-51fc-49a0-b127-5c59374d171f",
      "data": [
        {
          "text": "Where did "
        },
        {
          "text": "Suzy",
          "alias": "first-name",
          "meta": "@sys.given-name",
          "userDefined": true
        },
        {
          "text": " grow up?"
        }
      ],
      "isTemplate": false,
      "count": 0
    },
    {
      "id": "6726ce2e-3c56-47c1-8c36-178326188c23",
      "data": [
        {
          "text": "Where does "
        },
        {
          "text": "John",
          "alias": "first-name",
          "meta": "@sys.given-name",
          "userDefined": false
        },
        {
          "text": " hail from?"
        }
      ],
      "isTemplate": false,
      "count": 0
    },
    {
      "id": "2d10ce8a-03cb-4108-81e1-ebbbd0d37a69",
      "data": [
        {
          "text": "What city is "
        },
        {
          "text": "Joe",
          "alias": "first-name",
          "meta": "@sys.given-name",
          "userDefined": true
        },
        {
          "text": " from?"
        }
      ],
      "isTemplate": false,
      "count": 0
    },
    {
      "id": "1dc11926-c335-4860-ab93-a112818f1fff",
      "data": [
        {
          "text": "What is "
        },
        {
          "text": "John",
          "alias": "first-name",
          "meta": "@sys.given-name",
          "userDefined": false
        },
        {
          "text": "\u0027s hometown?"
        }
      ],
      "isTemplate": false,
      "count": 0
    },
    {
      "id": "69520c3d-94db-41e0-8291-f00ecbaec663",
      "data": [
        {
          "text": "What town did "
        },
        {
          "text": "Rose",
          "alias": "first-name",
          "meta": "@sys.given-name",
          "userDefined": false
        },
        {
          "text": " grow up in?"
        }
      ],
      "isTemplate": false,
      "count": 0
    },
    {
      "id": "06ac2b28-f18a-47b6-b6ae-da4ed98ab414",
      "data": [
        {
          "text": "What town is "
        },
        {
          "text": "Rose",
          "alias": "first-name",
          "meta": "@sys.given-name",
          "userDefined": false
        },
        {
          "text": " from?"
        }
      ],
      "isTemplate": false,
      "count": 0
    }
  ],
  "responses": [
    {
      "resetContexts": false,
      "action": "hometown",
      "affectedContexts": [],
      "parameters": [
        {
          "required": true,
          "dataType": "@sys.given-name",
          "name": "first-name",
          "value": "$first-name",
          "prompts": [
            "Please include a name when asking for someone\u0027s hometown!"
          ]
        },
        {
          "required": false,
          "dataType": "@sys.last-name",
          "name": "last-name",
          "value": "$last-name"
        }
      ],
      "speech": "I\u0027m not sure what you want from me..."
    }
  ],
  "state": "LEARNED",
  "priority": 500000,
  "webhookUsed": true
}