{
  "id": "3349b0e3-093d-4080-9f6c-a0e854339da9",
  "name": "Photo",
  "auto": true,
  "contexts": [],
  "userSays": [
    {
      "id": "2237de44-3893-47fb-bf09-b0e508325b2c",
      "data": [
        {
          "text": "What does "
        },
        {
          "text": "John",
          "alias": "first-name",
          "meta": "@sys.given-name",
          "userDefined": true
        },
        {
          "text": " look like?"
        }
      ],
      "isTemplate": false,
      "count": 0
    },
    {
      "id": "8b6ead2b-3d1c-4218-9df7-45b1565ada32",
      "data": [
        {
          "text": "Show me a photo of "
        },
        {
          "text": "John",
          "alias": "first-name",
          "meta": "@sys.given-name",
          "userDefined": false
        },
        {
          "text": " "
        },
        {
          "text": "Smith",
          "alias": "last-name",
          "meta": "@sys.last-name",
          "userDefined": true
        }
      ],
      "isTemplate": false,
      "count": 0
    },
    {
      "id": "c9c5b0fe-bae9-424a-bdbe-519985ffbddc",
      "data": [
        {
          "text": "Show me a pic of "
        },
        {
          "text": "Steve",
          "alias": "first-name",
          "meta": "@sys.given-name",
          "userDefined": false
        }
      ],
      "isTemplate": false,
      "count": 0
    },
    {
      "id": "7639bf62-54e4-4412-a5e6-d758f7d518bb",
      "data": [
        {
          "text": "Show me a portrait of "
        },
        {
          "text": "Billy",
          "alias": "first-name",
          "meta": "@sys.given-name",
          "userDefined": false
        }
      ],
      "isTemplate": false,
      "count": 0
    },
    {
      "id": "48f3fcf2-1f97-4cb6-a6b0-91d4cad65e18",
      "data": [
        {
          "text": "I want to see "
        },
        {
          "text": "Jared",
          "alias": "first-name",
          "meta": "@sys.given-name",
          "userDefined": false
        },
        {
          "text": "\u0027s face!"
        }
      ],
      "isTemplate": false,
      "count": 0
    },
    {
      "id": "457fe502-8aee-46f3-98ce-b406f5c659ad",
      "data": [
        {
          "text": "Display a picture of "
        },
        {
          "text": "John",
          "alias": "first-name",
          "meta": "@sys.given-name",
          "userDefined": false
        }
      ],
      "isTemplate": false,
      "count": 0
    },
    {
      "id": "3a95f55d-11d9-429d-8a94-0a8bfb587d52",
      "data": [
        {
          "text": "Show me a picture of "
        },
        {
          "text": "joe",
          "alias": "first-name",
          "meta": "@sys.given-name",
          "userDefined": false
        }
      ],
      "isTemplate": false,
      "count": 0
    },
    {
      "id": "998ddfde-650d-40cb-9b6b-6ab7299953fc",
      "data": [
        {
          "text": "What does "
        },
        {
          "text": "Alex",
          "alias": "first-name",
          "meta": "@sys.given-name",
          "userDefined": false
        },
        {
          "text": " "
        },
        {
          "text": "Niderberg\u0027s",
          "alias": "last-name",
          "meta": "@sys.last-name",
          "userDefined": true
        },
        {
          "text": " face look like?"
        }
      ],
      "isTemplate": false,
      "count": 0
    },
    {
      "id": "1690a9e0-58b9-4672-9191-c0e40982ad5a",
      "data": [
        {
          "text": "Show me "
        },
        {
          "text": "Max",
          "alias": "first-name",
          "meta": "@sys.given-name",
          "userDefined": true
        },
        {
          "text": "\u0027s mug"
        }
      ],
      "isTemplate": false,
      "count": 0
    }
  ],
  "responses": [
    {
      "resetContexts": false,
      "action": "photo",
      "affectedContexts": [],
      "parameters": [
        {
          "required": true,
          "dataType": "@sys.given-name",
          "name": "first-name",
          "value": "$first-name",
          "prompts": [
            "You have to tell me who you want a photo of!"
          ]
        },
        {
          "required": false,
          "dataType": "@sys.last-name",
          "name": "last-name",
          "value": "$last-name"
        }
      ],
      "speech": []
    }
  ],
  "state": "LEARNED",
  "priority": 500000,
  "webhookUsed": true
}