{
  "id": "9bb0a260-e45e-4141-93fb-6888f18d6930",
  "name": "Where Work?",
  "auto": true,
  "contexts": [],
  "userSays": [
    {
      "id": "76dd199b-0659-42d1-b3d7-1d50cf9dbbfa",
      "data": [
        {
          "text": "Where should I work?"
        }
      ],
      "isTemplate": false,
      "count": 0
    },
    {
      "id": "212bbdf2-db1b-4940-bb86-a3d3865123c8",
      "data": [
        {
          "text": "Where should I get a job?"
        }
      ],
      "isTemplate": false,
      "count": 0
    },
    {
      "id": "7b57f231-61c8-48ca-b67d-60c345fc8d4c",
      "data": [
        {
          "text": "What\u0027s the best company?"
        }
      ],
      "isTemplate": false,
      "count": 0
    },
    {
      "id": "51ad2a0f-9ced-4b6f-895c-88b8139fa6fc",
      "data": [
        {
          "text": "What company should I work for?"
        }
      ],
      "isTemplate": false,
      "count": 0
    },
    {
      "id": "5ed35ceb-9645-4f29-945d-b2b1d1661657",
      "data": [
        {
          "text": "Which company is the best?"
        }
      ],
      "isTemplate": false,
      "count": 0
    },
    {
      "id": "90698e5d-9553-4297-94a6-c33bdb6e40a2",
      "data": [
        {
          "text": "Who should I work for after school?"
        }
      ],
      "isTemplate": false,
      "count": 0
    },
    {
      "id": "0a8cfe11-b0ff-43f3-9a1e-c71e75f8d59a",
      "data": [
        {
          "text": "What\u0027s the best place to go after school?"
        }
      ],
      "isTemplate": false,
      "count": 0
    },
    {
      "id": "cc720a56-b6f5-436e-affc-259eb9001679",
      "data": [
        {
          "text": "What\u0027s the best job?"
        }
      ],
      "isTemplate": false,
      "count": 0
    }
  ],
  "responses": [
    {
      "resetContexts": false,
      "affectedContexts": [],
      "parameters": [],
      "speech": [
        "Capital One, of course!",
        "Capital One!",
        "Definitely Capital One!",
        "No brainer! Capital One!"
      ]
    }
  ],
  "state": "LEARNED",
  "priority": 500000,
  "webhookUsed": false
}